PR_NOME,PR_ID
ALMONDEGA,2
AMACIANTE,2
ARROZ,2
ARROZ INTEGRAL,2
ATUM,2
AZEITE,2
AZEITONA,2
BALDE,2
BANANA,2
BATATA,2
BATATA DOCE,2
BIFE DE COXAO MOLE,2
BISCOITO,2
BROCOLIS,2
CAFE,2
CEBOLA,2
CENOURA,2
CERA,2
CHA,2
CHUPETA,2
COGUMELOS,2
CONDICIONADOR,2
COPA SUINA,2
CORACAO DE FRANGO,2
COXA E SOBRECOXA DE FRANGO,2
CREME,2
DANETTE,2
DESENGORDURANTE,2
DESINFETANTE,2
DETERGENTE,2
DOCE,2
ENERGETICO,2
ENXAGUANTE BUCAL,2
ESCOVA DE DENTE,2
FEIJAO,2
FILE DE PEIXE,2
FIO DENTAL,2
FIXADOR,2
FRALDA,2
GEL,2
GRANOLA,2
HAMBUGUER,2
HASTES FLEXIVEIS,2
HIDRATANTE,2
INSETICIDA,2
IOGURTE,2
KETCHUP,2
LATA DE ERVILHA,2
LATA DE MILHO,2
LEITE,2
LEITE CONDENSADO,2
LENCO UMEDECIDO,2
LIMAO,2
LIMPA VIDROS,2
LIMPADOR MULTIUSO,2
LIMPADOR PERFUMADO,2
LINGUICA,2
LUSTRA MOVEIS,2
MACARRAO,2
MACARRAO INSTANTANEO,2
MAMAO,2
MAMAO PAPAYA,2
MANGA,2
MODELADOR,2
MOLHO BARBECUE,2
MORDEDOR,2
MORTADELA,2
ODORIZADOR,2
OVOS,2
PALMITO,2
PAO DE FORMA,2
PAPEL HIGIENICO,2
PAPINHA INFANTIL,2
PASTA DE DENTE,2
PATE,2
PRESERVATIVO,2
PRESUNTO COZIDO,4
PROTETOR SOLAR,2
QUEIJO DE CABRA,2
QUEIJO MUSSARELA,2
RACAO SECA PARA CAES,2
RACAO SECA PARA GATOS,2
RACAO UMIDA PARA CAES,2
RACAO UMIDA PARA GATOS,2
REFRIGERANTE COLA,2
REFRIGERANTE GUARANA,2
REFRIGERANTE LARANJA,2
REFRIGERANTE LIMaO,2
REFRIGERANTE OUTROS,2
REMOVEDOR,2
REPELENTE,2
REQUEIJAO,2
RICOTA,2
RODO,2
SABAO,2
SABAO EM PO,2
SABONETE,2
SALGADINHO,2
SALGADINHOS DE MILHO,2
SARDINHA,2
SHAMPOO,2
SNACKS,2
TALCO,2
TINTURAS,2
TIRA LIMO,2
TIRA MANCHA,2
TOMATE,2
UVA,2
VASSOURA,2
